Commit Hash,Author,Date,Commit Message
"4b275cd","Shirly Montes","2026-07-06 14:16:05","Feature/devops alert routing (#19)"
"1415f83","Shirly Montes","2026-07-06 14:00:24","Add Grafana monitoring dashboard (#17)"
"131a4a4","Jerico Crisostomo","2026-07-06 13:59:05","Fix/deploy workflow secrets condition (#16)"
"80defcc","Jerico Crisostomo","2026-07-06 13:57:01","feat: add metrics validation tests, alert procedures doc, and demo data generator (#15)"
"d9f9cb6","Jerico Crisostomo","2026-07-03 14:37:05","feat: add error distribution, resource usage, latency metrics, layered alerts, metric dictionary, and fix tests (#13)"
"ccde0a3","Shirly Montes","2026-07-03 14:31:21","Add Grafana monitoring config, fix backend healthcheck path and frontend API URL (#12)"
"d1384ad","ShakiraCasusi","2026-06-28 21:21:03","Merge branch 'main' of https://github.com/ShakiraCasusi/Brainbytes-AITutoring-Platform"
"1847130","ShakiraCasusi","2026-06-28 21:20:56","feat: implement Alertmanager configuration, alert receiver service, and comprehensive monitoring documentation"
"745df3b","ShakiraCasusi","2026-06-28 21:08:31","Merge branch 'main' of https://github.com/ShakiraCasusi/Brainbytes-AITutoring-Platform"
"ded140c","ShakiraCasusi","2026-06-28 21:08:27","feat: add GitHub Action workflow to automatically export and update cleaned commit history to CSV"
"c41d056","ShakiraCasusi","2026-06-28 20:37:37","Merge branch 'main' of https://github.com/ShakiraCasusi/Brainbytes-AITutoring-Platform"
"02f19ca","ShakiraCasusi","2026-06-28 20:37:33","feat: add GitHub Actions workflow to auto-generate and push commit history to CSV"
"2659bab","ShakiraCasusi","2026-06-28 20:28:16","feat: add GitHub Action to automatically log repository commits to a CSV file"
"63e4e09","ShakiraCasusi","2026-06-28 20:16:31","fix: track-commit.yml"
"b8eda11","ShakiraCasusi","2026-06-28 02:02:26","ci: remove push-to-repo step to comply with main branch protection rules"
"1bb83db","ShakiraCasusi","2026-06-28 02:00:39","feat: add automated GitHub Actions workflow to generate and commit contributor commit reports to CSV"
"d8aac1b","ShakiraCasusi","2026-06-28 01:59:12","feat: add workflow to generate and commit weekly contributor CSV report"
"774ed9a","ShakiraCasusi","2026-06-28 01:53:33","feat: add GitHub Actions workflow to generate and upload commit statistics CSV"
"d7cc8d2","ShakiraCasusi","2026-06-28 01:40:22","feat: implement Prometheus metrics middleware and add Dockerfile optimization and commit reporting workflow"
"f8328b5","ShakiraCasusi","2026-06-28 01:30:37","feat: add GitHub Actions workflow to generate and upload commit statistics CSV for fair distribution"
"cd55016","ShakiraCasusi","2026-06-28 01:00:01","feat: implement Prometheus monitoring stack and backend metrics tracking with simulation testing tools"
"bf2edc6","ShakiraCasusi","2026-06-28 00:42:11","docs: add deployment plan and refactor Mermaid diagrams in README for improved clarity"
"f93a35a","ShakiraCasusi","2026-06-28 00:38:53","ci: implement automated deployment and CI pipelines with linting, security scanning, and test suites."
"96040ff","Jerico Crisostomo","2026-06-28 00:29:34","Feat/prometheus metrics and ci fix (#11)"
"3477d0e","shirlymontes","2026-06-26 17:21:37","Integrate Prometheus monitoring stack with exporters and alerts (#9)"
"2035174","ShakiraCasusi","2026-06-26 16:39:44","feat: add aiService backend module and ProfilePage frontend component"
"8ec7551","ShakiraCasusi","2026-06-26 16:28:02","feat: implement multi-container architecture and initial frontend dashboard structure"
"49ec38f","ShakiraCasusi","2026-06-22 21:22:16","feat: initialize Express application with middleware, security, and core chat API routes"
"cbc51a3","ShakiraCasusi","2026-06-22 21:02:08","Updated README"
"73695ea","ShakiraCasusi","2026-06-22 20:44:07","feat: implement core AI tutoring service with Hugging Face integration and backend chat endpoints"
"64459c8","ShakiraCasusi","2026-06-22 20:24:57","Merge branch 'main' of https://github.com/ShakiraCasusi/Brainbytes-AITutoring-Platform"
"394dc08","ShakiraCasusi","2026-06-22 20:24:51","ci: add security workflow for dependency auditing and container scanning with Trivy"
"4b13600","shirlymontes","2026-06-22 19:34:56","AI tutor working with HuggingFace + chat improvements (#8)"
"06e76db","ShakiraCasusi","2026-06-15 15:02:01","feat: configure frontend containerization and add centralized API utility service"
"9388e17","ShakiraCasusi","2026-06-14 21:33:50","test: add unit tests for Chat component loading and error states"
"b77ad6b","ShakiraCasusi","2026-06-14 21:24:00","feat: create LearningWorkspace component with auth, profile management, and state syncing"
"7203cc4","ShakiraCasusi","2026-06-14 17:51:20","Updated README"
"7d52586","ShakiraCasusi","2026-06-13 22:05:36","Merge branch 'main' of https://github.com/ShakiraCasusi/Brainbytes-AITutoring-Platform"
"b43a30b","ShakiraCasusi","2026-06-13 22:05:32","updated README"
"8f994f7","ShakiraCasusi","2026-06-13 21:28:02","feat: implement Express application server with security middleware, health checks, and API routes"
"c0d0303","ShakiraCasusi","2026-06-13 21:10:23","fix: comment out HuggingFace API calls to disable missing token log warnings"
"52c73c5","ShakiraCasusi","2026-06-13 20:57:45","feat: create Mongoose User model with schema validation and indexing"
"449e0a9","ShakiraCasusi","2026-06-13 20:20:53","feat: initialize backend project with dependencies and development scripts"
"657bc45","ShakiraCasusi","2026-06-13 19:43:55","feat: add backend Dockerfile, document deployment plan, and update README with build fixes"
"9e882e4","ShakiraCasusi","2026-06-11 00:56:23","feat: implement comprehensive CI/CD pipeline with GitHub Actions for testing, building, and deployment orchestration"
"4bc5340","ShakiraCasusi","2026-06-11 00:35:42","chore: update package dependencies in package-lock.json"
"f8a6cb9","ShakiraCasusi","2026-06-11 00:34:55","ci: add GitHub Actions workflows for linting and CI/CD and downgrade @eslint/js version"
"9dbeeba","ShakiraCasusi","2026-06-11 00:28:14","feat: implement CI/CD pipeline workflows for testing, deployment, and linting"
"bfdec35","ShakiraCasusi","2026-06-11 00:13:58","docs: document challenges encountered and resolutions in testing strategy"
"946e9fb","ShakiraCasusi","2026-06-11 00:09:15","chore: remove --forceExit from backend test script to prevent Jest force-exit warning"
"6fc3fc9","ShakiraCasusi","2026-06-11 00:03:31","fix: resolve backend test async timer leaks and mock rate-limiting"
"8c905de","ShakiraCasusi","2026-06-10 23:56:11","fix: resolve React key warning and timestamp handling in MessageList"
"58fa539","ShakiraCasusi","2026-06-10 23:52:16","chore: adjust eslint rules to achieve zero warnings globally"
"72b35af","ShakiraCasusi","2026-06-10 23:45:20","feat: enhance test coverage, setup junit reporting, clean eslint, and configure parallel ci workflow"
"70f718f","ShakiraCasusi","2026-06-05 21:49:12","ci: allow npm audit to continue on error in security workflow"
"f33f813","Shakira Angela Casusi","2026-06-05 21:40:00","Merge pull request #3 from ShakiraCasusi/feature/multi-container-setup"
"572ee39","ShakiraCasusi","2026-06-05 20:44:15","docs: rewrite inline comments to be clear"
"723f83e","Shakira Angela Casusi","2026-06-05 21:01:59","Merge pull request #2 from ShakiraCasusi/feature/multi-container-setup"
"4e6fe78","ShakiraCasusi","2026-06-05 20:44:15","docs: rewrite inline comments to be clear and student-friendly"
"a88d3c0","ShakiraCasusi","2026-06-05 20:36:01","fix: resolve CI failures on Node 14.x and server startup race condition"
"90e2af8","ShakiraCasusi","2026-06-02 15:55:14","feat: implement CI/CD pipeline workflows and initialize backend server with Express and MongoDB support"
"edc27ab","ShakiraCasusi","2026-06-02 15:41:42","feat: implement CI/CD pipeline and express backend server with health checks and routes"
"09dd66c","ShakiraCasusi","2026-06-02 15:32:18","feat: initialize express server with routes, middleware, and database connection handling"
"a136ef0","ShakiraCasusi","2026-06-02 15:22:59","feat: implement CI/CD pipeline and configure Express server with MongoDB integration"
"5c676e2","ShakiraCasusi","2026-06-02 15:13:39","feat: initialize backend server and establish CI/CD workflows for testing and building"
"5f0f4e4","ShakiraCasusi","2026-06-02 15:00:35","feat: implement GitHub Actions workflows for CI/CD, Docker builds, and automated testing"
"5a095b2","ShakiraCasusi","2026-06-02 14:52:40","ci: add automated linting, build, and test pipelines with GitHub Actions and update .gitignore to track dependency lockfiles."
"7c37505","ShakiraCasusi","2026-06-02 14:43:54","feat: implement CI/CD pipelines, issue templates, and project configuration"
"1c80af9","ShakiraCasusi","2026-06-02 14:40:48","fix: resolve eslint report crashes, install root dependencies, and upgrade actions to v3"
"5a89243","ShakiraCasusi","2026-06-01 21:03:29","feat: establish GitHub Actions CI/CD workflows, issue templates, and initialize backend package structure"
"cf46bfb","ShakiraCasusi","2026-06-01 19:17:33","feat: bootstrap multi-container architecture with backend services, PWA-enabled frontend, and CI/CD pipelines"
"2bee62e","ShakiraCasusi","2026-05-24 21:13:38","chore: update backend start command from development to production execution in docker-compose"
"bb2cbf2","ShakiraCasusi","2026-05-24 21:05:52","feat: implement comprehensive multi-container test suite including API, E2E, resource monitoring, security scanning, and pipeline orchestration."
"7e52c0a","ShakiraCasusi","2026-05-24 20:26:59","Merge branch 'origin/test/backend-api-and-db-persistence' into main"
"b647084","shirlymontes","2026-05-24 09:06:38","Create testing-report.md"
"b970f74","Shirly Rose Montes","2026-05-24 08:56:54","Add testing documentation and automated test suites"
"62c0571","Jerico Crisostomo","2026-05-21 17:56:02","test: test report summary"
"4bcbe07","Jerico Crisostomo","2026-05-21 17:50:30","test: add api and db persistence tests, fix auth middleware on protected routes"
"17c138c","Jerico Crisostomo","2026-05-19 22:47:55","updated docker-compose, added nodemon, improved AI service"
"1d67d68","ShakiraCasusi","2026-05-19 21:01:29","feat: implement Docker multi-stage builds and container ignore configurations for frontend and backend"
"f36e978","ShakiraCasusi","2026-05-19 18:57:47","docs: add technical documentation for container setup and architecture"
"4556eaf","ShakiraCasusi","2026-05-19 17:24:17","feat: initialize backend core services, chat architecture, and frontend components for multi-container application"
"5564de3","ShakiraCasusi","2026-05-19 15:58:40","Add README.md and WEEKLY-TASKS.md for project documentation"
"e4db494","ShakiraCasusi","2026-05-19 15:45:32","first commit"
